,antecedents,consequents,antecedent support,consequent support,support,confidence,lift,leverage,conviction,antecedent_len
4,"frozenset({'SEMINAR PROPOSAL THESIS', 'IDENTIFIKASI SISTEM'})",frozenset({'SISTEM KECERDASAN BUATAN'}),0.017921146953405017,0.02867383512544803,0.016129032258064516,0.9,31.3875,0.015615164245063654,9.71326164874552,2
5,"frozenset({'SISTEM KECERDASAN BUATAN', 'SEMINAR PROPOSAL THESIS'})",frozenset({'IDENTIFIKASI SISTEM'}),0.017921146953405017,0.035842293906810034,0.016129032258064516,0.9,25.110000000000003,0.01548669724181344,9.641577060931901,2
6,"frozenset({'TF 141222 FISIKA REKAYASA II KELAS BU AULIA', 'TF 141222 FSIKA REKAYASA II Kls C (DETAK YP)'})",frozenset({'KALKULUS II'}),0.05017921146953405,0.1917562724014337,0.04838709677419355,0.9642857142857142,5.028704939919892,0.038764918230752426,22.630824372759797,2
7,"frozenset({'KALKULUS II', 'TF 141222 FSIKA REKAYASA II Kls C (DETAK YP)'})",frozenset({'TF 141222 FISIKA REKAYASA II KELAS BU AULIA'}),0.06810035842293907,0.08243727598566308,0.04838709677419355,0.7105263157894737,8.618993135011442,0.04277308873215914,3.169762137504073,2
