,antecedents,consequents,antecedent support,consequent support,support,confidence,lift,leverage,conviction,antecedent_len
12,"frozenset({'RG141328 - Kemah Kerja', 'RG141333 - Geodesi Fisik - IMA'})",frozenset({'RG141331 - Manajemen Survei dan Pemetaan - YBO'}),0.02746268656716418,0.036417910447761194,0.021492537313432834,0.7826086956521738,21.48966500356379,0.020492403653374916,4.432477611940297,2
13,"frozenset({'RG141331 - Manajemen Survei dan Pemetaan - YBO', 'RG141333 - Geodesi Fisik - IMA'})",frozenset({'RG141328 - Kemah Kerja'}),0.022686567164179106,0.057313432835820896,0.021492537313432834,0.9473684210526314,16.52960526315789,0.020192292269993316,17.911044776119347,2
