,antecedents,consequents,antecedent support,consequent support,support,confidence,lift,leverage,conviction,antecedent_len
6,"frozenset({'RG141234 - Metodologi Penelitian', 'RG 141234 - Metodologi Penelitian - YBO'})",frozenset({'RG141332 - Survei Hidrografi - DGP'}),0.018297533810660304,0.05171042163882259,0.015115354017501989,0.826086956521739,15.9752508361204,0.014169180829202132,5.452665075576767,2
7,"frozenset({'RG141234 - Metodologi Penelitian', 'RG141332 - Survei Hidrografi - DGP'})",frozenset({'RG 141234 - Metodologi Penelitian - YBO'}),0.017501988862370723,0.03420843277645187,0.015115354017501989,0.8636363636363636,25.24630021141649,0.01451663840804937,7.082471492972687,2
